{"cameraMode":{"drawMode":0,"name":"Shaded","section":"Shading Mode"},"sceneLighting":true,"audioPlay":false,"sceneViewState":{"m_AlwaysRefresh":false,"showFog":true,"showSkybox":true,"showFlares":true,"showImageEffects":true,"showParticleSystems":true,"showVisualEffectGraphs":true,"m_FxEnabled":true},"in2DMode":false,"pivot":{"x":-3.6348109245300295,"y":18.978559494018556,"z":6.028079032897949},"rotation":{"x":-0.00642210291698575,"y":0.9934313297271729,"z":0.07165161520242691,"w":0.08905033022165299},"size":1.559025526046753,"orthographic":false}