{"cameraMode":{"drawMode":0,"name":"Shaded","section":"Shading Mode"},"sceneLighting":true,"audioPlay":false,"sceneViewState":{"m_AlwaysRefresh":false,"showFog":true,"showSkybox":true,"showFlares":true,"showImageEffects":true,"showParticleSystems":true,"showVisualEffectGraphs":true,"m_FxEnabled":true},"in2DMode":false,"pivot":{"x":2.8827972412109377,"y":14.157742500305176,"z":-0.6162931323051453},"rotation":{"x":0.3325307369232178,"y":0.5186362266540527,"z":0.22881583869457246,"w":-0.7537199854850769},"size":0.8409745097160339,"orthographic":false}