{"cameraMode":{"drawMode":0,"name":"Shaded","section":"Shading Mode"},"sceneLighting":true,"audioPlay":false,"sceneViewState":{"m_AlwaysRefresh":false,"showFog":true,"showSkybox":true,"showFlares":true,"showImageEffects":true,"showParticleSystems":true,"showVisualEffectGraphs":true,"m_FxEnabled":true},"in2DMode":false,"pivot":{"x":-1.9334346055984498,"y":19.676807403564454,"z":-1.2184995412826539},"rotation":{"x":-0.16431431472301484,"y":-0.40696921944618227,"z":0.07474212348461151,"w":-0.8954803347587586},"size":1.3382601737976075,"orthographic":false}