{"cameraMode":{"drawMode":0,"name":"Shaded","section":"Shading Mode"},"sceneLighting":true,"audioPlay":false,"sceneViewState":{"m_AlwaysRefresh":false,"showFog":true,"showSkybox":true,"showFlares":true,"showImageEffects":true,"showParticleSystems":true,"showVisualEffectGraphs":true,"m_FxEnabled":true},"in2DMode":false,"pivot":{"x":4.158585548400879,"y":18.804250717163087,"z":-1.7782864570617676},"rotation":{"x":0.137489914894104,"y":-0.03419170901179314,"z":0.004682306200265884,"w":0.9899489283561707},"size":1.3246240615844727,"orthographic":false}