{"cameraMode":{"drawMode":0,"name":"Shaded","section":"Shading Mode"},"sceneLighting":true,"audioPlay":false,"sceneViewState":{"m_AlwaysRefresh":false,"showFog":true,"showSkybox":true,"showFlares":true,"showImageEffects":true,"showParticleSystems":true,"showVisualEffectGraphs":true,"m_FxEnabled":true},"in2DMode":false,"pivot":{"x":3.0929439067840578,"y":16.60890769958496,"z":0.31602048873901369},"rotation":{"x":-0.053562648594379428,"y":-0.25967705249786379,"z":-0.01442688424140215,"w":0.964101254940033},"size":2.043463706970215,"orthographic":false}