{"cameraMode":{"drawMode":0,"name":"Shaded","section":"Shading Mode"},"sceneLighting":true,"audioPlay":false,"sceneViewState":{"m_AlwaysRefresh":false,"showFog":true,"showSkybox":true,"showFlares":true,"showImageEffects":true,"showParticleSystems":true,"showVisualEffectGraphs":true,"m_FxEnabled":true},"in2DMode":false,"pivot":{"x":6.009622573852539,"y":21.040834426879884,"z":1.143409252166748},"rotation":{"x":0.14442718029022218,"y":-0.4840488135814667,"z":0.08130565285682678,"w":0.8592553734779358},"size":0.42462414503097536,"orthographic":false}