{"cameraMode":{"drawMode":0,"name":"Shaded","section":"Shading Mode"},"sceneLighting":true,"audioPlay":false,"sceneViewState":{"m_AlwaysRefresh":false,"showFog":true,"showSkybox":true,"showFlares":true,"showImageEffects":true,"showParticleSystems":true,"showVisualEffectGraphs":true,"m_FxEnabled":true},"in2DMode":false,"pivot":{"x":3.236250877380371,"y":21.172256469726564,"z":7.369401454925537},"rotation":{"x":-0.02085365727543831,"y":0.9747629165649414,"z":-0.19709092378616334,"w":-0.10327927023172379},"size":0.8293513655662537,"orthographic":false}