{"cameraMode":{"drawMode":0,"name":"Shaded","section":"Shading Mode"},"sceneLighting":true,"audioPlay":false,"sceneViewState":{"m_AlwaysRefresh":false,"showFog":true,"showSkybox":true,"showFlares":true,"showImageEffects":true,"showParticleSystems":true,"showVisualEffectGraphs":true,"m_FxEnabled":true},"in2DMode":false,"pivot":{"x":0.6255950927734375,"y":18.77072525024414,"z":1.098973274230957},"rotation":{"x":0.10285050421953201,"y":0.44781744480133059,"z":-0.05200362205505371,"w":0.8867202401161194},"size":2.860327959060669,"orthographic":false}