{"cameraMode":{"drawMode":0,"name":"Shaded","section":"Shading Mode"},"sceneLighting":true,"audioPlay":false,"sceneViewState":{"m_AlwaysRefresh":false,"showFog":true,"showSkybox":true,"showFlares":true,"showImageEffects":true,"showParticleSystems":true,"showVisualEffectGraphs":true,"m_FxEnabled":true},"in2DMode":false,"pivot":{"x":-3.5035758018493654,"y":18.241296768188478,"z":4.962955474853516},"rotation":{"x":-0.02291584573686123,"y":0.9749243259429932,"z":0.18648195266723634,"w":0.11965469270944596},"size":1.3382601737976075,"orthographic":false}