{"cameraMode":{"drawMode":0,"name":"Shaded","section":"Shading Mode"},"sceneLighting":true,"audioPlay":false,"sceneViewState":{"m_AlwaysRefresh":false,"showFog":true,"showSkybox":true,"showFlares":true,"showImageEffects":true,"showParticleSystems":true,"showVisualEffectGraphs":true,"m_FxEnabled":true},"in2DMode":false,"pivot":{"x":4.05911111831665,"y":18.200359344482423,"z":2.1833982467651369},"rotation":{"x":0.01672588475048542,"y":-0.668637216091156,"z":0.015046913176774979,"w":0.7432485818862915},"size":0.43009525537490847,"orthographic":false}