{"cameraMode":{"drawMode":0,"name":"Shaded","section":"Shading Mode"},"sceneLighting":true,"audioPlay":false,"sceneViewState":{"m_AlwaysRefresh":false,"showFog":true,"showSkybox":true,"showFlares":true,"showImageEffects":true,"showParticleSystems":true,"showVisualEffectGraphs":true,"m_FxEnabled":true},"in2DMode":false,"pivot":{"x":5.138931751251221,"y":21.175613403320314,"z":6.893085479736328},"rotation":{"x":0.06814860552549362,"y":-0.9242673516273499,"z":0.1970197707414627,"w":0.31998252868652346},"size":0.9064242243766785,"orthographic":false}