{"cameraMode":{"drawMode":0,"name":"Shaded","section":"Shading Mode"},"sceneLighting":true,"audioPlay":false,"sceneViewState":{"m_AlwaysRefresh":false,"showFog":true,"showSkybox":true,"showFlares":true,"showImageEffects":true,"showParticleSystems":true,"showVisualEffectGraphs":true,"m_FxEnabled":true},"in2DMode":false,"pivot":{"x":4.970761299133301,"y":20.1973819732666,"z":-0.052840590476989749},"rotation":{"x":0.10415976494550705,"y":-0.33895739912986758,"z":0.03771674633026123,"w":0.9343069195747376},"size":1.3246240615844727,"orthographic":false}